{"服务器多路音频调节_3fb8547c970cb4ed":{"Class":"服务器多路音频调节_3fb8547c970cb4ed","Name":"服务器多路音频调节","CONFIG":"","ModuleClassify":"Standard","ModuleType":"UserModule","ModuleHelp":"滑动条方式调节服务器多窗口音频","Retriggerable":false,"CheckCode":"3fb8547c970cb4ed","Port":"","Type":"LOGIC","Interface":"none","Group":"","Input":{"Pos1":{"Type":"Analog","DefaultName":"[ain1]","DefaultValue":"","MaxNumber":999,"ParameterType":"Bit16","UserName":"","Optional":true,"Increasable":false,"IncreasableAccompany":[]},"Pos2":{"Type":"Analog","DefaultName":"[ain2]","DefaultValue":"","MaxNumber":999,"ParameterType":"Bit16","UserName":"","Optional":true,"Increasable":false,"IncreasableAccompany":[]},"Pos3":{"Type":"Analog","DefaultName":"[ain3]","DefaultValue":"","MaxNumber":999,"ParameterType":"Bit16","UserName":"","Optional":true,"Increasable":false,"IncreasableAccompany":[]},"Pos4":{"Type":"Analog","DefaultName":"[ain4]","DefaultValue":"","MaxNumber":999,"ParameterType":"Bit16","UserName":"","Optional":true,"Increasable":false,"IncreasableAccompany":[]},"Pos5":{"Type":"Analog","DefaultName":"[ain5]","DefaultValue":"","MaxNumber":999,"ParameterType":"Bit16","UserName":"","Optional":true,"Increasable":false,"IncreasableAccompany":[]},"Pos6":{"Type":"Analog","DefaultName":"[ain6]","DefaultValue":"","MaxNumber":999,"ParameterType":"Bit16","UserName":"","Optional":true,"Increasable":false,"IncreasableAccompany":[]},"Pos7":{"Type":"Analog","DefaultName":"[ain7]","DefaultValue":"","MaxNumber":999,"ParameterType":"Bit16","UserName":"","Optional":true,"Increasable":false,"IncreasableAccompany":[]},"Pos8":{"Type":"Analog","DefaultName":"[ain8]","DefaultValue":"","MaxNumber":999,"ParameterType":"Bit16","UserName":"","Optional":true,"Increasable":false,"IncreasableAccompany":[]}},"StaticParameter":{"Pos1":{"Type":"None","DefaultName":"","UserName":"","DefaultValue":"","MaxNumber":999,"ParameterType":"","Optional":false,"Increasable":false,"IncreasableAccompany":[]},"Pos2":{"Type":"None","DefaultName":"","UserName":"","DefaultValue":"","MaxNumber":999,"ParameterType":"","Optional":false,"Increasable":false,"IncreasableAccompany":[]},"Pos3":{"Type":"None","DefaultName":"","UserName":"","DefaultValue":"","MaxNumber":999,"ParameterType":"","Optional":false,"Increasable":false,"IncreasableAccompany":[]},"Pos4":{"Type":"None","DefaultName":"","UserName":"","DefaultValue":"","MaxNumber":999,"ParameterType":"","Optional":false,"Increasable":false,"IncreasableAccompany":[]},"Pos5":{"Type":"None","DefaultName":"","UserName":"","DefaultValue":"","MaxNumber":999,"ParameterType":"","Optional":false,"Increasable":false,"IncreasableAccompany":[]},"Pos6":{"Type":"None","DefaultName":"","UserName":"","DefaultValue":"","MaxNumber":999,"ParameterType":"","Optional":false,"Increasable":false,"IncreasableAccompany":[]},"Pos7":{"Type":"None","DefaultName":"","UserName":"","DefaultValue":"","MaxNumber":999,"ParameterType":"","Optional":false,"Increasable":false,"IncreasableAccompany":[]},"Pos8":{"Type":"None","DefaultName":"","UserName":"","DefaultValue":"","MaxNumber":999,"ParameterType":"","Optional":false,"Increasable":false,"IncreasableAccompany":[]}},"Output":{"Pos1":{"Type":"Serial","DefaultName":"out","DefaultValue":"","MaxNumber":999,"ParameterType":"Default","UserName":"","Optional":false,"Increasable":false,"IncreasableAccompany":[]},"Pos2":{"Type":"None","DefaultName":"","DefaultValue":"","MaxNumber":999,"ParameterType":"","UserName":"","Optional":false,"Increasable":false,"IncreasableAccompany":[]},"Pos3":{"Type":"None","DefaultName":"","DefaultValue":"","MaxNumber":999,"ParameterType":"","UserName":"","Optional":false,"Increasable":false,"IncreasableAccompany":[]},"Pos4":{"Type":"None","DefaultName":"","DefaultValue":"","MaxNumber":999,"ParameterType":"","UserName":"","Optional":false,"Increasable":false,"IncreasableAccompany":[]},"Pos5":{"Type":"None","DefaultName":"","DefaultValue":"","MaxNumber":999,"ParameterType":"","UserName":"","Optional":false,"Increasable":false,"IncreasableAccompany":[]},"Pos6":{"Type":"None","DefaultName":"","DefaultValue":"","MaxNumber":999,"ParameterType":"","UserName":"","Optional":false,"Increasable":false,"IncreasableAccompany":[]},"Pos7":{"Type":"None","DefaultName":"","DefaultValue":"","MaxNumber":999,"ParameterType":"","UserName":"","Optional":false,"Increasable":false,"IncreasableAccompany":[]},"Pos8":{"Type":"None","DefaultName":"","DefaultValue":"","MaxNumber":999,"ParameterType":"","UserName":"","Optional":false,"Increasable":false,"IncreasableAccompany":[]}}}}