{"灰度PS08时序电源_3629744a1f33c82f":{"Class":"灰度PS08时序电源_3629744a1f33c82f","Name":"灰度PS08时序电源","CONFIG":"","ModuleClassify":"Standard","ModuleType":"UserModule","ModuleHelp":"此模块适用于灰度PS08时序电源设备\n控制方式：RS232\n波特率：9600\n数据位：8\n校验位：无\n停止位：1\n注：时序电源拨码需要00，否则不受控","Retriggerable":false,"CheckCode":"3629744a1f33c82f","Port":"","Type":"LOGIC","Interface":"none","Group":"","Input":{"Pos1":{"Type":"Digital","DefaultName":"[总开]","DefaultValue":"","MaxNumber":999,"ParameterType":"Default","UserName":"","Optional":true,"Increasable":false,"IncreasableAccompany":[]},"Pos2":{"Type":"Digital","DefaultName":"[总关]","DefaultValue":"","MaxNumber":999,"ParameterType":"Default","UserName":"","Optional":true,"Increasable":false,"IncreasableAccompany":[]},"Pos3":{"Type":"Digital","DefaultName":"[第1路开]","DefaultValue":"","MaxNumber":999,"ParameterType":"Default","UserName":"","Optional":true,"Increasable":false,"IncreasableAccompany":[]},"Pos4":{"Type":"Digital","DefaultName":"[第2路开]","DefaultValue":"","MaxNumber":999,"ParameterType":"Default","UserName":"","Optional":true,"Increasable":false,"IncreasableAccompany":[]},"Pos5":{"Type":"Digital","DefaultName":"[第3路开]","DefaultValue":"","MaxNumber":999,"ParameterType":"Default","UserName":"","Optional":true,"Increasable":false,"IncreasableAccompany":[]},"Pos6":{"Type":"Digital","DefaultName":"[第4路开]","DefaultValue":"","MaxNumber":999,"ParameterType":"Default","UserName":"","Optional":true,"Increasable":false,"IncreasableAccompany":[]},"Pos7":{"Type":"Digital","DefaultName":"[第5路开]","DefaultValue":"","MaxNumber":999,"ParameterType":"Default","UserName":"","Optional":true,"Increasable":false,"IncreasableAccompany":[]},"Pos8":{"Type":"Digital","DefaultName":"[第6路开]","DefaultValue":"","MaxNumber":999,"ParameterType":"Default","UserName":"","Optional":true,"Increasable":false,"IncreasableAccompany":[]},"Pos9":{"Type":"Digital","DefaultName":"[第7路开]","DefaultValue":"","MaxNumber":999,"ParameterType":"Default","UserName":"","Optional":true,"Increasable":false,"IncreasableAccompany":[]},"Pos10":{"Type":"Digital","DefaultName":"[第8路开]","DefaultValue":"","MaxNumber":999,"ParameterType":"Default","UserName":"","Optional":true,"Increasable":false,"IncreasableAccompany":[]},"Pos11":{"Type":"Digital","DefaultName":"[第1路关]","DefaultValue":"","MaxNumber":999,"ParameterType":"Default","UserName":"","Optional":true,"Increasable":false,"IncreasableAccompany":[]},"Pos12":{"Type":"Digital","DefaultName":"[第2路关]","DefaultValue":"","MaxNumber":999,"ParameterType":"Default","UserName":"","Optional":true,"Increasable":false,"IncreasableAccompany":[]},"Pos13":{"Type":"Digital","DefaultName":"[第3路关]","DefaultValue":"","MaxNumber":999,"ParameterType":"Default","UserName":"","Optional":true,"Increasable":false,"IncreasableAccompany":[]},"Pos14":{"Type":"Digital","DefaultName":"[第4路关]","DefaultValue":"","MaxNumber":999,"ParameterType":"Default","UserName":"","Optional":true,"Increasable":false,"IncreasableAccompany":[]},"Pos15":{"Type":"Digital","DefaultName":"[第5路关]","DefaultValue":"","MaxNumber":999,"ParameterType":"Default","UserName":"","Optional":true,"Increasable":false,"IncreasableAccompany":[]},"Pos16":{"Type":"Digital","DefaultName":"[第6路关]","DefaultValue":"","MaxNumber":999,"ParameterType":"Default","UserName":"","Optional":true,"Increasable":false,"IncreasableAccompany":[]},"Pos17":{"Type":"Digital","DefaultName":"[第7路关]","DefaultValue":"","MaxNumber":999,"ParameterType":"Default","UserName":"","Optional":true,"Increasable":false,"IncreasableAccompany":[]},"Pos18":{"Type":"Digital","DefaultName":"[第8路关]","DefaultValue":"","MaxNumber":999,"ParameterType":"Default","UserName":"","Optional":true,"Increasable":false,"IncreasableAccompany":[]}},"StaticParameter":{"Pos1":{"Type":"None","DefaultName":"","UserName":"","DefaultValue":"","MaxNumber":999,"ParameterType":"","Optional":false,"Increasable":false,"IncreasableAccompany":[]},"Pos2":{"Type":"None","DefaultName":"","UserName":"","DefaultValue":"","MaxNumber":999,"ParameterType":"","Optional":false,"Increasable":false,"IncreasableAccompany":[]},"Pos3":{"Type":"None","DefaultName":"","UserName":"","DefaultValue":"","MaxNumber":999,"ParameterType":"","Optional":false,"Increasable":false,"IncreasableAccompany":[]},"Pos4":{"Type":"None","DefaultName":"","UserName":"","DefaultValue":"","MaxNumber":999,"ParameterType":"","Optional":false,"Increasable":false,"IncreasableAccompany":[]},"Pos5":{"Type":"None","DefaultName":"","UserName":"","DefaultValue":"","MaxNumber":999,"ParameterType":"","Optional":false,"Increasable":false,"IncreasableAccompany":[]},"Pos6":{"Type":"None","DefaultName":"","UserName":"","DefaultValue":"","MaxNumber":999,"ParameterType":"","Optional":false,"Increasable":false,"IncreasableAccompany":[]},"Pos7":{"Type":"None","DefaultName":"","UserName":"","DefaultValue":"","MaxNumber":999,"ParameterType":"","Optional":false,"Increasable":false,"IncreasableAccompany":[]},"Pos8":{"Type":"None","DefaultName":"","UserName":"","DefaultValue":"","MaxNumber":999,"ParameterType":"","Optional":false,"Increasable":false,"IncreasableAccompany":[]},"Pos9":{"Type":"None","DefaultName":"","UserName":"","DefaultValue":"","MaxNumber":999,"ParameterType":"","Optional":false,"Increasable":false,"IncreasableAccompany":[]},"Pos10":{"Type":"None","DefaultName":"","UserName":"","DefaultValue":"","MaxNumber":999,"ParameterType":"","Optional":false,"Increasable":false,"IncreasableAccompany":[]},"Pos11":{"Type":"None","DefaultName":"","UserName":"","DefaultValue":"","MaxNumber":999,"ParameterType":"","Optional":false,"Increasable":false,"IncreasableAccompany":[]},"Pos12":{"Type":"None","DefaultName":"","UserName":"","DefaultValue":"","MaxNumber":999,"ParameterType":"","Optional":false,"Increasable":false,"IncreasableAccompany":[]},"Pos13":{"Type":"None","DefaultName":"","UserName":"","DefaultValue":"","MaxNumber":999,"ParameterType":"","Optional":false,"Increasable":false,"IncreasableAccompany":[]},"Pos14":{"Type":"None","DefaultName":"","UserName":"","DefaultValue":"","MaxNumber":999,"ParameterType":"","Optional":false,"Increasable":false,"IncreasableAccompany":[]},"Pos15":{"Type":"None","DefaultName":"","UserName":"","DefaultValue":"","MaxNumber":999,"ParameterType":"","Optional":false,"Increasable":false,"IncreasableAccompany":[]},"Pos16":{"Type":"None","DefaultName":"","UserName":"","DefaultValue":"","MaxNumber":999,"ParameterType":"","Optional":false,"Increasable":false,"IncreasableAccompany":[]},"Pos17":{"Type":"None","DefaultName":"","UserName":"","DefaultValue":"","MaxNumber":999,"ParameterType":"","Optional":false,"Increasable":false,"IncreasableAccompany":[]},"Pos18":{"Type":"None","DefaultName":"","UserName":"","DefaultValue":"","MaxNumber":999,"ParameterType":"","Optional":false,"Increasable":false,"IncreasableAccompany":[]}},"Output":{"Pos1":{"Type":"Serial","DefaultName":"out","DefaultValue":"","MaxNumber":999,"ParameterType":"Default","UserName":"","Optional":false,"Increasable":false,"IncreasableAccompany":[]},"Pos2":{"Type":"None","DefaultName":"","DefaultValue":"","MaxNumber":999,"ParameterType":"","UserName":"","Optional":false,"Increasable":false,"IncreasableAccompany":[]},"Pos3":{"Type":"None","DefaultName":"","DefaultValue":"","MaxNumber":999,"ParameterType":"","UserName":"","Optional":false,"Increasable":false,"IncreasableAccompany":[]},"Pos4":{"Type":"None","DefaultName":"","DefaultValue":"","MaxNumber":999,"ParameterType":"","UserName":"","Optional":false,"Increasable":false,"IncreasableAccompany":[]},"Pos5":{"Type":"None","DefaultName":"","DefaultValue":"","MaxNumber":999,"ParameterType":"","UserName":"","Optional":false,"Increasable":false,"IncreasableAccompany":[]},"Pos6":{"Type":"None","DefaultName":"","DefaultValue":"","MaxNumber":999,"ParameterType":"","UserName":"","Optional":false,"Increasable":false,"IncreasableAccompany":[]},"Pos7":{"Type":"None","DefaultName":"","DefaultValue":"","MaxNumber":999,"ParameterType":"","UserName":"","Optional":false,"Increasable":false,"IncreasableAccompany":[]},"Pos8":{"Type":"None","DefaultName":"","DefaultValue":"","MaxNumber":999,"ParameterType":"","UserName":"","Optional":false,"Increasable":false,"IncreasableAccompany":[]},"Pos9":{"Type":"None","DefaultName":"","DefaultValue":"","MaxNumber":999,"ParameterType":"","UserName":"","Optional":false,"Increasable":false,"IncreasableAccompany":[]},"Pos10":{"Type":"None","DefaultName":"","DefaultValue":"","MaxNumber":999,"ParameterType":"","UserName":"","Optional":false,"Increasable":false,"IncreasableAccompany":[]},"Pos11":{"Type":"None","DefaultName":"","DefaultValue":"","MaxNumber":999,"ParameterType":"","UserName":"","Optional":false,"Increasable":false,"IncreasableAccompany":[]},"Pos12":{"Type":"None","DefaultName":"","DefaultValue":"","MaxNumber":999,"ParameterType":"","UserName":"","Optional":false,"Increasable":false,"IncreasableAccompany":[]},"Pos13":{"Type":"None","DefaultName":"","DefaultValue":"","MaxNumber":999,"ParameterType":"","UserName":"","Optional":false,"Increasable":false,"IncreasableAccompany":[]},"Pos14":{"Type":"None","DefaultName":"","DefaultValue":"","MaxNumber":999,"ParameterType":"","UserName":"","Optional":false,"Increasable":false,"IncreasableAccompany":[]},"Pos15":{"Type":"None","DefaultName":"","DefaultValue":"","MaxNumber":999,"ParameterType":"","UserName":"","Optional":false,"Increasable":false,"IncreasableAccompany":[]},"Pos16":{"Type":"None","DefaultName":"","DefaultValue":"","MaxNumber":999,"ParameterType":"","UserName":"","Optional":false,"Increasable":false,"IncreasableAccompany":[]},"Pos17":{"Type":"None","DefaultName":"","DefaultValue":"","MaxNumber":999,"ParameterType":"","UserName":"","Optional":false,"Increasable":false,"IncreasableAccompany":[]},"Pos18":{"Type":"None","DefaultName":"","DefaultValue":"","MaxNumber":999,"ParameterType":"","UserName":"","Optional":false,"Increasable":false,"IncreasableAccompany":[]}}}}