{"WF_81ee458eb41a3a15":{"Class":"WF_81ee458eb41a3a15","Name":"WF","CONFIG":"","ModuleClassify":"Standard","ModuleType":"UserModule","ModuleHelp":"","Retriggerable":false,"CheckCode":"81ee458eb41a3a15","Port":"","Type":"LOGIC","Interface":"none","Group":"","Input":{"Pos1":{"Type":"Analog","DefaultName":"A","DefaultValue":"","MaxNumber":1,"ParameterType":"Bit16","UserName":"","Optional":false,"Increasable":false,"IncreasableAccompany":[]}},"StaticParameter":{"Pos1":{"Type":"None","DefaultName":"","UserName":"","DefaultValue":"","MaxNumber":1,"ParameterType":"","Optional":false,"Increasable":false,"IncreasableAccompany":[]}},"Output":{"Pos1":{"Type":"Serial","DefaultName":"B","DefaultValue":"","MaxNumber":1,"ParameterType":"Default","UserName":"","Optional":false,"Increasable":false,"IncreasableAccompany":[]}}}}