{"AP0x0x信号矩阵切换_30916c889b1b8319":{"Class":"AP0x0x信号矩阵切换_30916c889b1b8319","Name":"AP0x0x信号矩阵切换","CONFIG":"","ModuleClassify":"Standard","ModuleType":"UserModule","ModuleHelp":"在谷歌浏览器上输入 192.168.20.100:8080(或192.168.1.100:8080)，用户名为 admin，密码为 admin\n控制方式：UDP，端口5557","Retriggerable":false,"CheckCode":"30916c889b1b8319","Port":"","Type":"LOGIC","Interface":"none","Group":"","Input":{"Pos1":{"Type":"Digital","DefaultName":"[输入1]","DefaultValue":"","MaxNumber":999,"ParameterType":"Default","UserName":"","Optional":true,"Increasable":false,"IncreasableAccompany":[]},"Pos2":{"Type":"Digital","DefaultName":"[输入2]","DefaultValue":"","MaxNumber":999,"ParameterType":"Default","UserName":"","Optional":true,"Increasable":false,"IncreasableAccompany":[]},"Pos3":{"Type":"Digital","DefaultName":"[输入3]","DefaultValue":"","MaxNumber":999,"ParameterType":"Default","UserName":"","Optional":true,"Increasable":false,"IncreasableAccompany":[]},"Pos4":{"Type":"Digital","DefaultName":"[输入4]","DefaultValue":"","MaxNumber":999,"ParameterType":"Default","UserName":"","Optional":true,"Increasable":false,"IncreasableAccompany":[]},"Pos5":{"Type":"Digital","DefaultName":"[输入5]","DefaultValue":"","MaxNumber":999,"ParameterType":"Default","UserName":"","Optional":true,"Increasable":false,"IncreasableAccompany":[]},"Pos6":{"Type":"Digital","DefaultName":"[输入6]","DefaultValue":"","MaxNumber":999,"ParameterType":"Default","UserName":"","Optional":true,"Increasable":false,"IncreasableAccompany":[]},"Pos7":{"Type":"Digital","DefaultName":"[输入7]","DefaultValue":"","MaxNumber":999,"ParameterType":"Default","UserName":"","Optional":true,"Increasable":false,"IncreasableAccompany":[]},"Pos8":{"Type":"Digital","DefaultName":"[输入8]","DefaultValue":"","MaxNumber":999,"ParameterType":"Default","UserName":"","Optional":true,"Increasable":false,"IncreasableAccompany":[]},"Pos9":{"Type":"Digital","DefaultName":"[输入9]","DefaultValue":"","MaxNumber":999,"ParameterType":"Default","UserName":"","Optional":true,"Increasable":false,"IncreasableAccompany":[]},"Pos10":{"Type":"Digital","DefaultName":"[输入10]","DefaultValue":"","MaxNumber":999,"ParameterType":"Default","UserName":"","Optional":true,"Increasable":false,"IncreasableAccompany":[]},"Pos11":{"Type":"Digital","DefaultName":"[输入11]","DefaultValue":"","MaxNumber":999,"ParameterType":"Default","UserName":"","Optional":true,"Increasable":false,"IncreasableAccompany":[]},"Pos12":{"Type":"Digital","DefaultName":"[输入12]","DefaultValue":"","MaxNumber":999,"ParameterType":"Default","UserName":"","Optional":true,"Increasable":false,"IncreasableAccompany":[]},"Pos13":{"Type":"Digital","DefaultName":"[输入13]","DefaultValue":"","MaxNumber":999,"ParameterType":"Default","UserName":"","Optional":true,"Increasable":false,"IncreasableAccompany":[]},"Pos14":{"Type":"Digital","DefaultName":"[输入14]","DefaultValue":"","MaxNumber":999,"ParameterType":"Default","UserName":"","Optional":true,"Increasable":false,"IncreasableAccompany":[]},"Pos15":{"Type":"Digital","DefaultName":"[输入15]","DefaultValue":"","MaxNumber":999,"ParameterType":"Default","UserName":"","Optional":true,"Increasable":false,"IncreasableAccompany":[]},"Pos16":{"Type":"Digital","DefaultName":"[输入16]","DefaultValue":"","MaxNumber":999,"ParameterType":"Default","UserName":"","Optional":true,"Increasable":false,"IncreasableAccompany":[]},"Pos17":{"Type":"Digital","DefaultName":"[输出1]","DefaultValue":"","MaxNumber":999,"ParameterType":"Default","UserName":"","Optional":true,"Increasable":false,"IncreasableAccompany":[]},"Pos18":{"Type":"Digital","DefaultName":"[输出2]","DefaultValue":"","MaxNumber":999,"ParameterType":"Default","UserName":"","Optional":true,"Increasable":false,"IncreasableAccompany":[]},"Pos19":{"Type":"Digital","DefaultName":"[输出3]","DefaultValue":"","MaxNumber":999,"ParameterType":"Default","UserName":"","Optional":true,"Increasable":false,"IncreasableAccompany":[]},"Pos20":{"Type":"Digital","DefaultName":"[输出4]","DefaultValue":"","MaxNumber":999,"ParameterType":"Default","UserName":"","Optional":true,"Increasable":false,"IncreasableAccompany":[]},"Pos21":{"Type":"Digital","DefaultName":"[输出5]","DefaultValue":"","MaxNumber":999,"ParameterType":"Default","UserName":"","Optional":true,"Increasable":false,"IncreasableAccompany":[]},"Pos22":{"Type":"Digital","DefaultName":"[输出6]","DefaultValue":"","MaxNumber":999,"ParameterType":"Default","UserName":"","Optional":true,"Increasable":false,"IncreasableAccompany":[]},"Pos23":{"Type":"Digital","DefaultName":"[输出7]","DefaultValue":"","MaxNumber":999,"ParameterType":"Default","UserName":"","Optional":true,"Increasable":false,"IncreasableAccompany":[]},"Pos24":{"Type":"Digital","DefaultName":"[输出8]","DefaultValue":"","MaxNumber":999,"ParameterType":"Default","UserName":"","Optional":true,"Increasable":false,"IncreasableAccompany":[]},"Pos25":{"Type":"Digital","DefaultName":"[输出9]","DefaultValue":"","MaxNumber":999,"ParameterType":"Default","UserName":"","Optional":true,"Increasable":false,"IncreasableAccompany":[]},"Pos26":{"Type":"Digital","DefaultName":"[输出10]","DefaultValue":"","MaxNumber":999,"ParameterType":"Default","UserName":"","Optional":true,"Increasable":false,"IncreasableAccompany":[]},"Pos27":{"Type":"Digital","DefaultName":"[输出11]","DefaultValue":"","MaxNumber":999,"ParameterType":"Default","UserName":"","Optional":true,"Increasable":false,"IncreasableAccompany":[]},"Pos28":{"Type":"Digital","DefaultName":"[输出12]","DefaultValue":"","MaxNumber":999,"ParameterType":"Default","UserName":"","Optional":true,"Increasable":false,"IncreasableAccompany":[]},"Pos29":{"Type":"Digital","DefaultName":"[输出13]","DefaultValue":"","MaxNumber":999,"ParameterType":"Default","UserName":"","Optional":true,"Increasable":false,"IncreasableAccompany":[]},"Pos30":{"Type":"Digital","DefaultName":"[输出14]","DefaultValue":"","MaxNumber":999,"ParameterType":"Default","UserName":"","Optional":true,"Increasable":false,"IncreasableAccompany":[]},"Pos31":{"Type":"Digital","DefaultName":"[输出15]","DefaultValue":"","MaxNumber":999,"ParameterType":"Default","UserName":"","Optional":true,"Increasable":false,"IncreasableAccompany":[]},"Pos32":{"Type":"Digital","DefaultName":"[输出16]","DefaultValue":"","MaxNumber":999,"ParameterType":"Default","UserName":"","Optional":true,"Increasable":false,"IncreasableAccompany":[]}},"StaticParameter":{"Pos1":{"Type":"None","DefaultName":"","UserName":"","DefaultValue":"","MaxNumber":999,"ParameterType":"","Optional":false,"Increasable":false,"IncreasableAccompany":[]},"Pos2":{"Type":"None","DefaultName":"","UserName":"","DefaultValue":"","MaxNumber":999,"ParameterType":"","Optional":false,"Increasable":false,"IncreasableAccompany":[]},"Pos3":{"Type":"None","DefaultName":"","UserName":"","DefaultValue":"","MaxNumber":999,"ParameterType":"","Optional":false,"Increasable":false,"IncreasableAccompany":[]},"Pos4":{"Type":"None","DefaultName":"","UserName":"","DefaultValue":"","MaxNumber":999,"ParameterType":"","Optional":false,"Increasable":false,"IncreasableAccompany":[]},"Pos5":{"Type":"None","DefaultName":"","UserName":"","DefaultValue":"","MaxNumber":999,"ParameterType":"","Optional":false,"Increasable":false,"IncreasableAccompany":[]},"Pos6":{"Type":"None","DefaultName":"","UserName":"","DefaultValue":"","MaxNumber":999,"ParameterType":"","Optional":false,"Increasable":false,"IncreasableAccompany":[]},"Pos7":{"Type":"None","DefaultName":"","UserName":"","DefaultValue":"","MaxNumber":999,"ParameterType":"","Optional":false,"Increasable":false,"IncreasableAccompany":[]},"Pos8":{"Type":"None","DefaultName":"","UserName":"","DefaultValue":"","MaxNumber":999,"ParameterType":"","Optional":false,"Increasable":false,"IncreasableAccompany":[]},"Pos9":{"Type":"None","DefaultName":"","UserName":"","DefaultValue":"","MaxNumber":999,"ParameterType":"","Optional":false,"Increasable":false,"IncreasableAccompany":[]},"Pos10":{"Type":"None","DefaultName":"","UserName":"","DefaultValue":"","MaxNumber":999,"ParameterType":"","Optional":false,"Increasable":false,"IncreasableAccompany":[]},"Pos11":{"Type":"None","DefaultName":"","UserName":"","DefaultValue":"","MaxNumber":999,"ParameterType":"","Optional":false,"Increasable":false,"IncreasableAccompany":[]},"Pos12":{"Type":"None","DefaultName":"","UserName":"","DefaultValue":"","MaxNumber":999,"ParameterType":"","Optional":false,"Increasable":false,"IncreasableAccompany":[]},"Pos13":{"Type":"None","DefaultName":"","UserName":"","DefaultValue":"","MaxNumber":999,"ParameterType":"","Optional":false,"Increasable":false,"IncreasableAccompany":[]},"Pos14":{"Type":"None","DefaultName":"","UserName":"","DefaultValue":"","MaxNumber":999,"ParameterType":"","Optional":false,"Increasable":false,"IncreasableAccompany":[]},"Pos15":{"Type":"None","DefaultName":"","UserName":"","DefaultValue":"","MaxNumber":999,"ParameterType":"","Optional":false,"Increasable":false,"IncreasableAccompany":[]},"Pos16":{"Type":"None","DefaultName":"","UserName":"","DefaultValue":"","MaxNumber":999,"ParameterType":"","Optional":false,"Increasable":false,"IncreasableAccompany":[]},"Pos17":{"Type":"None","DefaultName":"","UserName":"","DefaultValue":"","MaxNumber":999,"ParameterType":"","Optional":false,"Increasable":false,"IncreasableAccompany":[]},"Pos18":{"Type":"None","DefaultName":"","UserName":"","DefaultValue":"","MaxNumber":999,"ParameterType":"","Optional":false,"Increasable":false,"IncreasableAccompany":[]},"Pos19":{"Type":"None","DefaultName":"","UserName":"","DefaultValue":"","MaxNumber":999,"ParameterType":"","Optional":false,"Increasable":false,"IncreasableAccompany":[]},"Pos20":{"Type":"None","DefaultName":"","UserName":"","DefaultValue":"","MaxNumber":999,"ParameterType":"","Optional":false,"Increasable":false,"IncreasableAccompany":[]},"Pos21":{"Type":"None","DefaultName":"","UserName":"","DefaultValue":"","MaxNumber":999,"ParameterType":"","Optional":false,"Increasable":false,"IncreasableAccompany":[]},"Pos22":{"Type":"None","DefaultName":"","UserName":"","DefaultValue":"","MaxNumber":999,"ParameterType":"","Optional":false,"Increasable":false,"IncreasableAccompany":[]},"Pos23":{"Type":"None","DefaultName":"","UserName":"","DefaultValue":"","MaxNumber":999,"ParameterType":"","Optional":false,"Increasable":false,"IncreasableAccompany":[]},"Pos24":{"Type":"None","DefaultName":"","UserName":"","DefaultValue":"","MaxNumber":999,"ParameterType":"","Optional":false,"Increasable":false,"IncreasableAccompany":[]},"Pos25":{"Type":"None","DefaultName":"","UserName":"","DefaultValue":"","MaxNumber":999,"ParameterType":"","Optional":false,"Increasable":false,"IncreasableAccompany":[]},"Pos26":{"Type":"None","DefaultName":"","UserName":"","DefaultValue":"","MaxNumber":999,"ParameterType":"","Optional":false,"Increasable":false,"IncreasableAccompany":[]},"Pos27":{"Type":"None","DefaultName":"","UserName":"","DefaultValue":"","MaxNumber":999,"ParameterType":"","Optional":false,"Increasable":false,"IncreasableAccompany":[]},"Pos28":{"Type":"None","DefaultName":"","UserName":"","DefaultValue":"","MaxNumber":999,"ParameterType":"","Optional":false,"Increasable":false,"IncreasableAccompany":[]},"Pos29":{"Type":"None","DefaultName":"","UserName":"","DefaultValue":"","MaxNumber":999,"ParameterType":"","Optional":false,"Increasable":false,"IncreasableAccompany":[]},"Pos30":{"Type":"None","DefaultName":"","UserName":"","DefaultValue":"","MaxNumber":999,"ParameterType":"","Optional":false,"Increasable":false,"IncreasableAccompany":[]},"Pos31":{"Type":"None","DefaultName":"","UserName":"","DefaultValue":"","MaxNumber":999,"ParameterType":"","Optional":false,"Increasable":false,"IncreasableAccompany":[]},"Pos32":{"Type":"None","DefaultName":"","UserName":"","DefaultValue":"","MaxNumber":999,"ParameterType":"","Optional":false,"Increasable":false,"IncreasableAccompany":[]}},"Output":{"Pos1":{"Type":"Serial","DefaultName":"out","DefaultValue":"","MaxNumber":999,"ParameterType":"Default","UserName":"","Optional":false,"Increasable":false,"IncreasableAccompany":[]},"Pos2":{"Type":"None","DefaultName":"","DefaultValue":"","MaxNumber":999,"ParameterType":"","UserName":"","Optional":false,"Increasable":false,"IncreasableAccompany":[]},"Pos3":{"Type":"None","DefaultName":"","DefaultValue":"","MaxNumber":999,"ParameterType":"","UserName":"","Optional":false,"Increasable":false,"IncreasableAccompany":[]},"Pos4":{"Type":"None","DefaultName":"","DefaultValue":"","MaxNumber":999,"ParameterType":"","UserName":"","Optional":false,"Increasable":false,"IncreasableAccompany":[]},"Pos5":{"Type":"None","DefaultName":"","DefaultValue":"","MaxNumber":999,"ParameterType":"","UserName":"","Optional":false,"Increasable":false,"IncreasableAccompany":[]},"Pos6":{"Type":"None","DefaultName":"","DefaultValue":"","MaxNumber":999,"ParameterType":"","UserName":"","Optional":false,"Increasable":false,"IncreasableAccompany":[]},"Pos7":{"Type":"None","DefaultName":"","DefaultValue":"","MaxNumber":999,"ParameterType":"","UserName":"","Optional":false,"Increasable":false,"IncreasableAccompany":[]},"Pos8":{"Type":"None","DefaultName":"","DefaultValue":"","MaxNumber":999,"ParameterType":"","UserName":"","Optional":false,"Increasable":false,"IncreasableAccompany":[]},"Pos9":{"Type":"None","DefaultName":"","DefaultValue":"","MaxNumber":999,"ParameterType":"","UserName":"","Optional":false,"Increasable":false,"IncreasableAccompany":[]},"Pos10":{"Type":"None","DefaultName":"","DefaultValue":"","MaxNumber":999,"ParameterType":"","UserName":"","Optional":false,"Increasable":false,"IncreasableAccompany":[]},"Pos11":{"Type":"None","DefaultName":"","DefaultValue":"","MaxNumber":999,"ParameterType":"","UserName":"","Optional":false,"Increasable":false,"IncreasableAccompany":[]},"Pos12":{"Type":"None","DefaultName":"","DefaultValue":"","MaxNumber":999,"ParameterType":"","UserName":"","Optional":false,"Increasable":false,"IncreasableAccompany":[]},"Pos13":{"Type":"None","DefaultName":"","DefaultValue":"","MaxNumber":999,"ParameterType":"","UserName":"","Optional":false,"Increasable":false,"IncreasableAccompany":[]},"Pos14":{"Type":"None","DefaultName":"","DefaultValue":"","MaxNumber":999,"ParameterType":"","UserName":"","Optional":false,"Increasable":false,"IncreasableAccompany":[]},"Pos15":{"Type":"None","DefaultName":"","DefaultValue":"","MaxNumber":999,"ParameterType":"","UserName":"","Optional":false,"Increasable":false,"IncreasableAccompany":[]},"Pos16":{"Type":"None","DefaultName":"","DefaultValue":"","MaxNumber":999,"ParameterType":"","UserName":"","Optional":false,"Increasable":false,"IncreasableAccompany":[]},"Pos17":{"Type":"None","DefaultName":"","DefaultValue":"","MaxNumber":999,"ParameterType":"","UserName":"","Optional":false,"Increasable":false,"IncreasableAccompany":[]},"Pos18":{"Type":"None","DefaultName":"","DefaultValue":"","MaxNumber":999,"ParameterType":"","UserName":"","Optional":false,"Increasable":false,"IncreasableAccompany":[]},"Pos19":{"Type":"None","DefaultName":"","DefaultValue":"","MaxNumber":999,"ParameterType":"","UserName":"","Optional":false,"Increasable":false,"IncreasableAccompany":[]},"Pos20":{"Type":"None","DefaultName":"","DefaultValue":"","MaxNumber":999,"ParameterType":"","UserName":"","Optional":false,"Increasable":false,"IncreasableAccompany":[]},"Pos21":{"Type":"None","DefaultName":"","DefaultValue":"","MaxNumber":999,"ParameterType":"","UserName":"","Optional":false,"Increasable":false,"IncreasableAccompany":[]},"Pos22":{"Type":"None","DefaultName":"","DefaultValue":"","MaxNumber":999,"ParameterType":"","UserName":"","Optional":false,"Increasable":false,"IncreasableAccompany":[]},"Pos23":{"Type":"None","DefaultName":"","DefaultValue":"","MaxNumber":999,"ParameterType":"","UserName":"","Optional":false,"Increasable":false,"IncreasableAccompany":[]},"Pos24":{"Type":"None","DefaultName":"","DefaultValue":"","MaxNumber":999,"ParameterType":"","UserName":"","Optional":false,"Increasable":false,"IncreasableAccompany":[]},"Pos25":{"Type":"None","DefaultName":"","DefaultValue":"","MaxNumber":999,"ParameterType":"","UserName":"","Optional":false,"Increasable":false,"IncreasableAccompany":[]},"Pos26":{"Type":"None","DefaultName":"","DefaultValue":"","MaxNumber":999,"ParameterType":"","UserName":"","Optional":false,"Increasable":false,"IncreasableAccompany":[]},"Pos27":{"Type":"None","DefaultName":"","DefaultValue":"","MaxNumber":999,"ParameterType":"","UserName":"","Optional":false,"Increasable":false,"IncreasableAccompany":[]},"Pos28":{"Type":"None","DefaultName":"","DefaultValue":"","MaxNumber":999,"ParameterType":"","UserName":"","Optional":false,"Increasable":false,"IncreasableAccompany":[]},"Pos29":{"Type":"None","DefaultName":"","DefaultValue":"","MaxNumber":999,"ParameterType":"","UserName":"","Optional":false,"Increasable":false,"IncreasableAccompany":[]},"Pos30":{"Type":"None","DefaultName":"","DefaultValue":"","MaxNumber":999,"ParameterType":"","UserName":"","Optional":false,"Increasable":false,"IncreasableAccompany":[]},"Pos31":{"Type":"None","DefaultName":"","DefaultValue":"","MaxNumber":999,"ParameterType":"","UserName":"","Optional":false,"Increasable":false,"IncreasableAccompany":[]},"Pos32":{"Type":"None","DefaultName":"","DefaultValue":"","MaxNumber":999,"ParameterType":"","UserName":"","Optional":false,"Increasable":false,"IncreasableAccompany":[]}}}}