{"Assignment_adf083b08cae2dde":{"Class":"Assignment_adf083b08cae2dde","Name":"Assignment","CONFIG":"","ModuleClassify":"Standard","ModuleType":"UserModule","ModuleHelp":"描述：\n赋值模块在每一个输入数字量信号（binN）有刷新时、将（sin）的值对应输出到（soutN）。每一个输入有一个对应输出，所有输入输出相互独立。\n信号：\n★ 一个串行量输入: （sin）\n★ 多个数字量输入: （bin1）到（bin999）\n★ 多个数字量输出: （sout1）到（sout999）\n","Retriggerable":false,"CheckCode":"adf083b08cae2dde","Port":"","Type":"LOGIC","Interface":"none","Group":"","Input":{"Pos1":{"Type":"Serial","DefaultName":"sin","DefaultValue":"","MaxNumber":999,"ParameterType":"Default","UserName":"","Optional":false,"Increasable":false,"IncreasableAccompany":[]},"Pos2":{"Type":"Digital","DefaultName":"bin1","DefaultValue":"","MaxNumber":999,"ParameterType":"Default","UserName":"","Optional":false,"Increasable":true,"IncreasableAccompany":["OutSerial"]}},"StaticParameter":{"Pos1":{"Type":"None","DefaultName":"","UserName":"","DefaultValue":"","MaxNumber":999,"ParameterType":"","Optional":false,"Increasable":false,"IncreasableAccompany":[]},"Pos2":{"Type":"None","DefaultName":"","UserName":"","DefaultValue":"","MaxNumber":999,"ParameterType":"","Optional":false,"Increasable":false,"IncreasableAccompany":[]}},"Output":{"Pos1":{"Type":"None","DefaultName":"","DefaultValue":"","MaxNumber":999,"ParameterType":"","UserName":"","Optional":false,"Increasable":false,"IncreasableAccompany":[]},"Pos2":{"Type":"Serial","DefaultName":"sout1","DefaultValue":"","MaxNumber":999,"ParameterType":"Default","UserName":"","Optional":false,"Increasable":true,"IncreasableAccompany":["InDigital"]}}}}