{"VM固定矩阵1_5548019114fa2fcf":{"Class":"VM固定矩阵1_5548019114fa2fcf","Name":"VM固定矩阵1","CONFIG":"","ModuleClassify":"Standard","ModuleType":"UserModule","ModuleHelp":"此模块适用于灰度VM系列固定矩阵设备\n控制方式：RS232\n波特率：9600\n数据位：8\n校验位：无\n停止位：1\n注：时序电源拨码需要00，否则不受控","Retriggerable":false,"CheckCode":"5548019114fa2fcf","Port":"","Type":"LOGIC","Interface":"none","Group":"","Input":{"Pos1":{"Type":"Digital","DefaultName":"[input1]","DefaultValue":"","MaxNumber":999,"ParameterType":"Default","UserName":"","Optional":true,"Increasable":false,"IncreasableAccompany":[]},"Pos2":{"Type":"Digital","DefaultName":"[input2]","DefaultValue":"","MaxNumber":999,"ParameterType":"Default","UserName":"","Optional":true,"Increasable":false,"IncreasableAccompany":[]},"Pos3":{"Type":"Digital","DefaultName":"[input3]","DefaultValue":"","MaxNumber":999,"ParameterType":"Default","UserName":"","Optional":true,"Increasable":false,"IncreasableAccompany":[]},"Pos4":{"Type":"Digital","DefaultName":"[input4]","DefaultValue":"","MaxNumber":999,"ParameterType":"Default","UserName":"","Optional":true,"Increasable":false,"IncreasableAccompany":[]},"Pos5":{"Type":"Digital","DefaultName":"[input5]","DefaultValue":"","MaxNumber":999,"ParameterType":"Default","UserName":"","Optional":true,"Increasable":false,"IncreasableAccompany":[]},"Pos6":{"Type":"Digital","DefaultName":"[input6]","DefaultValue":"","MaxNumber":999,"ParameterType":"Default","UserName":"","Optional":true,"Increasable":false,"IncreasableAccompany":[]},"Pos7":{"Type":"Digital","DefaultName":"[input7]","DefaultValue":"","MaxNumber":999,"ParameterType":"Default","UserName":"","Optional":true,"Increasable":false,"IncreasableAccompany":[]},"Pos8":{"Type":"Digital","DefaultName":"[input8]","DefaultValue":"","MaxNumber":999,"ParameterType":"Default","UserName":"","Optional":true,"Increasable":false,"IncreasableAccompany":[]},"Pos9":{"Type":"Digital","DefaultName":"[output1]","DefaultValue":"","MaxNumber":999,"ParameterType":"Default","UserName":"","Optional":true,"Increasable":false,"IncreasableAccompany":[]},"Pos10":{"Type":"Digital","DefaultName":"[output2]","DefaultValue":"","MaxNumber":999,"ParameterType":"Default","UserName":"","Optional":true,"Increasable":false,"IncreasableAccompany":[]},"Pos11":{"Type":"Digital","DefaultName":"[output3]","DefaultValue":"","MaxNumber":999,"ParameterType":"Default","UserName":"","Optional":true,"Increasable":false,"IncreasableAccompany":[]},"Pos12":{"Type":"Digital","DefaultName":"[output4]","DefaultValue":"","MaxNumber":999,"ParameterType":"Default","UserName":"","Optional":true,"Increasable":false,"IncreasableAccompany":[]},"Pos13":{"Type":"Digital","DefaultName":"[output5]","DefaultValue":"","MaxNumber":999,"ParameterType":"Default","UserName":"","Optional":true,"Increasable":false,"IncreasableAccompany":[]},"Pos14":{"Type":"Digital","DefaultName":"[output6]","DefaultValue":"","MaxNumber":999,"ParameterType":"Default","UserName":"","Optional":true,"Increasable":false,"IncreasableAccompany":[]},"Pos15":{"Type":"Digital","DefaultName":"[output7]","DefaultValue":"","MaxNumber":999,"ParameterType":"Default","UserName":"","Optional":true,"Increasable":false,"IncreasableAccompany":[]},"Pos16":{"Type":"Digital","DefaultName":"[output8]","DefaultValue":"","MaxNumber":999,"ParameterType":"Default","UserName":"","Optional":true,"Increasable":false,"IncreasableAccompany":[]}},"StaticParameter":{"Pos1":{"Type":"None","DefaultName":"","UserName":"","DefaultValue":"","MaxNumber":999,"ParameterType":"","Optional":false,"Increasable":false,"IncreasableAccompany":[]},"Pos2":{"Type":"None","DefaultName":"","UserName":"","DefaultValue":"","MaxNumber":999,"ParameterType":"","Optional":false,"Increasable":false,"IncreasableAccompany":[]},"Pos3":{"Type":"None","DefaultName":"","UserName":"","DefaultValue":"","MaxNumber":999,"ParameterType":"","Optional":false,"Increasable":false,"IncreasableAccompany":[]},"Pos4":{"Type":"None","DefaultName":"","UserName":"","DefaultValue":"","MaxNumber":999,"ParameterType":"","Optional":false,"Increasable":false,"IncreasableAccompany":[]},"Pos5":{"Type":"None","DefaultName":"","UserName":"","DefaultValue":"","MaxNumber":999,"ParameterType":"","Optional":false,"Increasable":false,"IncreasableAccompany":[]},"Pos6":{"Type":"None","DefaultName":"","UserName":"","DefaultValue":"","MaxNumber":999,"ParameterType":"","Optional":false,"Increasable":false,"IncreasableAccompany":[]},"Pos7":{"Type":"None","DefaultName":"","UserName":"","DefaultValue":"","MaxNumber":999,"ParameterType":"","Optional":false,"Increasable":false,"IncreasableAccompany":[]},"Pos8":{"Type":"None","DefaultName":"","UserName":"","DefaultValue":"","MaxNumber":999,"ParameterType":"","Optional":false,"Increasable":false,"IncreasableAccompany":[]},"Pos9":{"Type":"None","DefaultName":"","UserName":"","DefaultValue":"","MaxNumber":999,"ParameterType":"","Optional":false,"Increasable":false,"IncreasableAccompany":[]},"Pos10":{"Type":"None","DefaultName":"","UserName":"","DefaultValue":"","MaxNumber":999,"ParameterType":"","Optional":false,"Increasable":false,"IncreasableAccompany":[]},"Pos11":{"Type":"None","DefaultName":"","UserName":"","DefaultValue":"","MaxNumber":999,"ParameterType":"","Optional":false,"Increasable":false,"IncreasableAccompany":[]},"Pos12":{"Type":"None","DefaultName":"","UserName":"","DefaultValue":"","MaxNumber":999,"ParameterType":"","Optional":false,"Increasable":false,"IncreasableAccompany":[]},"Pos13":{"Type":"None","DefaultName":"","UserName":"","DefaultValue":"","MaxNumber":999,"ParameterType":"","Optional":false,"Increasable":false,"IncreasableAccompany":[]},"Pos14":{"Type":"None","DefaultName":"","UserName":"","DefaultValue":"","MaxNumber":999,"ParameterType":"","Optional":false,"Increasable":false,"IncreasableAccompany":[]},"Pos15":{"Type":"None","DefaultName":"","UserName":"","DefaultValue":"","MaxNumber":999,"ParameterType":"","Optional":false,"Increasable":false,"IncreasableAccompany":[]},"Pos16":{"Type":"None","DefaultName":"","UserName":"","DefaultValue":"","MaxNumber":999,"ParameterType":"","Optional":false,"Increasable":false,"IncreasableAccompany":[]}},"Output":{"Pos1":{"Type":"Serial","DefaultName":"out","DefaultValue":"","MaxNumber":999,"ParameterType":"Default","UserName":"","Optional":false,"Increasable":false,"IncreasableAccompany":[]},"Pos2":{"Type":"None","DefaultName":"","DefaultValue":"","MaxNumber":999,"ParameterType":"","UserName":"","Optional":false,"Increasable":false,"IncreasableAccompany":[]},"Pos3":{"Type":"None","DefaultName":"","DefaultValue":"","MaxNumber":999,"ParameterType":"","UserName":"","Optional":false,"Increasable":false,"IncreasableAccompany":[]},"Pos4":{"Type":"None","DefaultName":"","DefaultValue":"","MaxNumber":999,"ParameterType":"","UserName":"","Optional":false,"Increasable":false,"IncreasableAccompany":[]},"Pos5":{"Type":"None","DefaultName":"","DefaultValue":"","MaxNumber":999,"ParameterType":"","UserName":"","Optional":false,"Increasable":false,"IncreasableAccompany":[]},"Pos6":{"Type":"None","DefaultName":"","DefaultValue":"","MaxNumber":999,"ParameterType":"","UserName":"","Optional":false,"Increasable":false,"IncreasableAccompany":[]},"Pos7":{"Type":"None","DefaultName":"","DefaultValue":"","MaxNumber":999,"ParameterType":"","UserName":"","Optional":false,"Increasable":false,"IncreasableAccompany":[]},"Pos8":{"Type":"None","DefaultName":"","DefaultValue":"","MaxNumber":999,"ParameterType":"","UserName":"","Optional":false,"Increasable":false,"IncreasableAccompany":[]},"Pos9":{"Type":"None","DefaultName":"","DefaultValue":"","MaxNumber":999,"ParameterType":"","UserName":"","Optional":false,"Increasable":false,"IncreasableAccompany":[]},"Pos10":{"Type":"None","DefaultName":"","DefaultValue":"","MaxNumber":999,"ParameterType":"","UserName":"","Optional":false,"Increasable":false,"IncreasableAccompany":[]},"Pos11":{"Type":"None","DefaultName":"","DefaultValue":"","MaxNumber":999,"ParameterType":"","UserName":"","Optional":false,"Increasable":false,"IncreasableAccompany":[]},"Pos12":{"Type":"None","DefaultName":"","DefaultValue":"","MaxNumber":999,"ParameterType":"","UserName":"","Optional":false,"Increasable":false,"IncreasableAccompany":[]},"Pos13":{"Type":"None","DefaultName":"","DefaultValue":"","MaxNumber":999,"ParameterType":"","UserName":"","Optional":false,"Increasable":false,"IncreasableAccompany":[]},"Pos14":{"Type":"None","DefaultName":"","DefaultValue":"","MaxNumber":999,"ParameterType":"","UserName":"","Optional":false,"Increasable":false,"IncreasableAccompany":[]},"Pos15":{"Type":"None","DefaultName":"","DefaultValue":"","MaxNumber":999,"ParameterType":"","UserName":"","Optional":false,"Increasable":false,"IncreasableAccompany":[]},"Pos16":{"Type":"None","DefaultName":"","DefaultValue":"","MaxNumber":999,"ParameterType":"","UserName":"","Optional":false,"Increasable":false,"IncreasableAccompany":[]}}}}