{"TimeFormat_f3c63ff82132396b":{"Class":"TimeFormat_f3c63ff82132396b","Name":"TimeFormat","CONFIG":"","ModuleClassify":"Standard","ModuleType":"UserModule","ModuleHelp":"描述：\n时间模块在输入信号（trig）上升沿获取主机系统时间，并按照（string）参数中定义的符号将“时、分、秒”分割组合输出到（out）。\n信号：\n★ 一个数字量输入（trig）\n★ 一个串行量输出（out）\n★ 一个静态参数（string）","Retriggerable":false,"CheckCode":"f3c63ff82132396b","Port":"","Type":"LOGIC","Interface":"none","Group":"","Input":{"Pos1":{"Type":"Digital","DefaultName":"trig","DefaultValue":"","MaxNumber":999,"ParameterType":"Default","UserName":"","Optional":false,"Increasable":false,"IncreasableAccompany":[]}},"StaticParameter":{"Pos1":{"Type":"Serial","DefaultName":"string","UserName":"","DefaultValue":"","MaxNumber":999,"ParameterType":"Default","Optional":false,"Increasable":false,"IncreasableAccompany":[]}},"Output":{"Pos1":{"Type":"Serial","DefaultName":"out","DefaultValue":"","MaxNumber":999,"ParameterType":"Default","UserName":"","Optional":false,"Increasable":false,"IncreasableAccompany":[]}}}}