{"灰度LCD协议设备_ef56ace89d7711bd":{"Class":"灰度LCD协议设备_ef56ace89d7711bd","Name":"灰度LCD协议设备","CONFIG":"","ModuleClassify":"Standard","ModuleType":"UserModule","ModuleHelp":"此模块适用于灰度LCD、AXL、A7/8、HX系列设备\n控制方式：TCP/UDP,端口：10623","Retriggerable":false,"CheckCode":"ef56ace89d7711bd","Port":"","Type":"LOGIC","Interface":"none","Group":"","Input":{"Pos1":{"Type":"Digital","DefaultName":"[开屏]","DefaultValue":"","MaxNumber":999,"ParameterType":"Default","UserName":"","Optional":true,"Increasable":false,"IncreasableAccompany":[]},"Pos2":{"Type":"Digital","DefaultName":"[关屏]","DefaultValue":"","MaxNumber":999,"ParameterType":"Default","UserName":"","Optional":true,"Increasable":false,"IncreasableAccompany":[]},"Pos3":{"Type":"Digital","DefaultName":"[播放]","DefaultValue":"","MaxNumber":999,"ParameterType":"Default","UserName":"","Optional":true,"Increasable":false,"IncreasableAccompany":[]},"Pos4":{"Type":"Digital","DefaultName":"[暂停]","DefaultValue":"","MaxNumber":999,"ParameterType":"Default","UserName":"","Optional":true,"Increasable":false,"IncreasableAccompany":[]},"Pos5":{"Type":"Digital","DefaultName":"[上个节目]","DefaultValue":"","MaxNumber":999,"ParameterType":"Default","UserName":"","Optional":true,"Increasable":false,"IncreasableAccompany":[]},"Pos6":{"Type":"Digital","DefaultName":"[下个节目]","DefaultValue":"","MaxNumber":999,"ParameterType":"Default","UserName":"","Optional":true,"Increasable":false,"IncreasableAccompany":[]},"Pos7":{"Type":"Digital","DefaultName":"[静音]","DefaultValue":"","MaxNumber":999,"ParameterType":"Default","UserName":"","Optional":true,"Increasable":false,"IncreasableAccompany":[]},"Pos8":{"Type":"Digital","DefaultName":"[音量加]","DefaultValue":"","MaxNumber":999,"ParameterType":"Default","UserName":"","Optional":true,"Increasable":false,"IncreasableAccompany":[]},"Pos9":{"Type":"Digital","DefaultName":"[音量减]","DefaultValue":"","MaxNumber":999,"ParameterType":"Default","UserName":"","Optional":true,"Increasable":false,"IncreasableAccompany":[]},"Pos10":{"Type":"Digital","DefaultName":"[亮度加]","DefaultValue":"","MaxNumber":999,"ParameterType":"Default","UserName":"","Optional":true,"Increasable":false,"IncreasableAccompany":[]},"Pos11":{"Type":"Digital","DefaultName":"[亮度减]","DefaultValue":"","MaxNumber":999,"ParameterType":"Default","UserName":"","Optional":true,"Increasable":false,"IncreasableAccompany":[]},"Pos12":{"Type":"Digital","DefaultName":"[列表循环]","DefaultValue":"","MaxNumber":999,"ParameterType":"Default","UserName":"","Optional":true,"Increasable":false,"IncreasableAccompany":[]},"Pos13":{"Type":"Digital","DefaultName":"[单个循环]","DefaultValue":"","MaxNumber":999,"ParameterType":"Default","UserName":"","Optional":true,"Increasable":false,"IncreasableAccompany":[]},"Pos14":{"Type":"Digital","DefaultName":"[节目1]","DefaultValue":"","MaxNumber":999,"ParameterType":"Default","UserName":"","Optional":true,"Increasable":false,"IncreasableAccompany":[]},"Pos15":{"Type":"Digital","DefaultName":"[节目2]","DefaultValue":"","MaxNumber":999,"ParameterType":"Default","UserName":"","Optional":true,"Increasable":false,"IncreasableAccompany":[]},"Pos16":{"Type":"Digital","DefaultName":"[节目3]","DefaultValue":"","MaxNumber":999,"ParameterType":"Default","UserName":"","Optional":true,"Increasable":false,"IncreasableAccompany":[]},"Pos17":{"Type":"Digital","DefaultName":"[节目4]","DefaultValue":"","MaxNumber":999,"ParameterType":"Default","UserName":"","Optional":true,"Increasable":false,"IncreasableAccompany":[]},"Pos18":{"Type":"Digital","DefaultName":"[节目5]","DefaultValue":"","MaxNumber":999,"ParameterType":"Default","UserName":"","Optional":true,"Increasable":false,"IncreasableAccompany":[]},"Pos19":{"Type":"Digital","DefaultName":"[节目6]","DefaultValue":"","MaxNumber":999,"ParameterType":"Default","UserName":"","Optional":true,"Increasable":false,"IncreasableAccompany":[]},"Pos20":{"Type":"Digital","DefaultName":"[节目7]","DefaultValue":"","MaxNumber":999,"ParameterType":"Default","UserName":"","Optional":true,"Increasable":false,"IncreasableAccompany":[]},"Pos21":{"Type":"Digital","DefaultName":"[节目8]","DefaultValue":"","MaxNumber":999,"ParameterType":"Default","UserName":"","Optional":true,"Increasable":false,"IncreasableAccompany":[]},"Pos22":{"Type":"Digital","DefaultName":"[节目9]","DefaultValue":"","MaxNumber":999,"ParameterType":"Default","UserName":"","Optional":true,"Increasable":false,"IncreasableAccompany":[]},"Pos23":{"Type":"Digital","DefaultName":"[节目10]","DefaultValue":"","MaxNumber":999,"ParameterType":"Default","UserName":"","Optional":true,"Increasable":false,"IncreasableAccompany":[]},"Pos24":{"Type":"Digital","DefaultName":"[节目11]","DefaultValue":"","MaxNumber":999,"ParameterType":"Default","UserName":"","Optional":true,"Increasable":false,"IncreasableAccompany":[]},"Pos25":{"Type":"Digital","DefaultName":"[节目12]","DefaultValue":"","MaxNumber":999,"ParameterType":"Default","UserName":"","Optional":true,"Increasable":false,"IncreasableAccompany":[]},"Pos26":{"Type":"Digital","DefaultName":"[节目13]","DefaultValue":"","MaxNumber":999,"ParameterType":"Default","UserName":"","Optional":true,"Increasable":false,"IncreasableAccompany":[]},"Pos27":{"Type":"Digital","DefaultName":"[节目14]","DefaultValue":"","MaxNumber":999,"ParameterType":"Default","UserName":"","Optional":true,"Increasable":false,"IncreasableAccompany":[]},"Pos28":{"Type":"Digital","DefaultName":"[节目15]","DefaultValue":"","MaxNumber":999,"ParameterType":"Default","UserName":"","Optional":true,"Increasable":false,"IncreasableAccompany":[]}},"StaticParameter":{"Pos1":{"Type":"None","DefaultName":"","UserName":"","DefaultValue":"","MaxNumber":999,"ParameterType":"","Optional":false,"Increasable":false,"IncreasableAccompany":[]},"Pos2":{"Type":"None","DefaultName":"","UserName":"","DefaultValue":"","MaxNumber":999,"ParameterType":"","Optional":false,"Increasable":false,"IncreasableAccompany":[]},"Pos3":{"Type":"None","DefaultName":"","UserName":"","DefaultValue":"","MaxNumber":999,"ParameterType":"","Optional":false,"Increasable":false,"IncreasableAccompany":[]},"Pos4":{"Type":"None","DefaultName":"","UserName":"","DefaultValue":"","MaxNumber":999,"ParameterType":"","Optional":false,"Increasable":false,"IncreasableAccompany":[]},"Pos5":{"Type":"None","DefaultName":"","UserName":"","DefaultValue":"","MaxNumber":999,"ParameterType":"","Optional":false,"Increasable":false,"IncreasableAccompany":[]},"Pos6":{"Type":"None","DefaultName":"","UserName":"","DefaultValue":"","MaxNumber":999,"ParameterType":"","Optional":false,"Increasable":false,"IncreasableAccompany":[]},"Pos7":{"Type":"None","DefaultName":"","UserName":"","DefaultValue":"","MaxNumber":999,"ParameterType":"","Optional":false,"Increasable":false,"IncreasableAccompany":[]},"Pos8":{"Type":"None","DefaultName":"","UserName":"","DefaultValue":"","MaxNumber":999,"ParameterType":"","Optional":false,"Increasable":false,"IncreasableAccompany":[]},"Pos9":{"Type":"None","DefaultName":"","UserName":"","DefaultValue":"","MaxNumber":999,"ParameterType":"","Optional":false,"Increasable":false,"IncreasableAccompany":[]},"Pos10":{"Type":"None","DefaultName":"","UserName":"","DefaultValue":"","MaxNumber":999,"ParameterType":"","Optional":false,"Increasable":false,"IncreasableAccompany":[]},"Pos11":{"Type":"None","DefaultName":"","UserName":"","DefaultValue":"","MaxNumber":999,"ParameterType":"","Optional":false,"Increasable":false,"IncreasableAccompany":[]},"Pos12":{"Type":"None","DefaultName":"","UserName":"","DefaultValue":"","MaxNumber":999,"ParameterType":"","Optional":false,"Increasable":false,"IncreasableAccompany":[]},"Pos13":{"Type":"None","DefaultName":"","UserName":"","DefaultValue":"","MaxNumber":999,"ParameterType":"","Optional":false,"Increasable":false,"IncreasableAccompany":[]},"Pos14":{"Type":"None","DefaultName":"","UserName":"","DefaultValue":"","MaxNumber":999,"ParameterType":"","Optional":false,"Increasable":false,"IncreasableAccompany":[]},"Pos15":{"Type":"None","DefaultName":"","UserName":"","DefaultValue":"","MaxNumber":999,"ParameterType":"","Optional":false,"Increasable":false,"IncreasableAccompany":[]},"Pos16":{"Type":"None","DefaultName":"","UserName":"","DefaultValue":"","MaxNumber":999,"ParameterType":"","Optional":false,"Increasable":false,"IncreasableAccompany":[]},"Pos17":{"Type":"None","DefaultName":"","UserName":"","DefaultValue":"","MaxNumber":999,"ParameterType":"","Optional":false,"Increasable":false,"IncreasableAccompany":[]},"Pos18":{"Type":"None","DefaultName":"","UserName":"","DefaultValue":"","MaxNumber":999,"ParameterType":"","Optional":false,"Increasable":false,"IncreasableAccompany":[]},"Pos19":{"Type":"None","DefaultName":"","UserName":"","DefaultValue":"","MaxNumber":999,"ParameterType":"","Optional":false,"Increasable":false,"IncreasableAccompany":[]},"Pos20":{"Type":"None","DefaultName":"","UserName":"","DefaultValue":"","MaxNumber":999,"ParameterType":"","Optional":false,"Increasable":false,"IncreasableAccompany":[]},"Pos21":{"Type":"None","DefaultName":"","UserName":"","DefaultValue":"","MaxNumber":999,"ParameterType":"","Optional":false,"Increasable":false,"IncreasableAccompany":[]},"Pos22":{"Type":"None","DefaultName":"","UserName":"","DefaultValue":"","MaxNumber":999,"ParameterType":"","Optional":false,"Increasable":false,"IncreasableAccompany":[]},"Pos23":{"Type":"None","DefaultName":"","UserName":"","DefaultValue":"","MaxNumber":999,"ParameterType":"","Optional":false,"Increasable":false,"IncreasableAccompany":[]},"Pos24":{"Type":"None","DefaultName":"","UserName":"","DefaultValue":"","MaxNumber":999,"ParameterType":"","Optional":false,"Increasable":false,"IncreasableAccompany":[]},"Pos25":{"Type":"None","DefaultName":"","UserName":"","DefaultValue":"","MaxNumber":999,"ParameterType":"","Optional":false,"Increasable":false,"IncreasableAccompany":[]},"Pos26":{"Type":"None","DefaultName":"","UserName":"","DefaultValue":"","MaxNumber":999,"ParameterType":"","Optional":false,"Increasable":false,"IncreasableAccompany":[]},"Pos27":{"Type":"None","DefaultName":"","UserName":"","DefaultValue":"","MaxNumber":999,"ParameterType":"","Optional":false,"Increasable":false,"IncreasableAccompany":[]},"Pos28":{"Type":"None","DefaultName":"","UserName":"","DefaultValue":"","MaxNumber":999,"ParameterType":"","Optional":false,"Increasable":false,"IncreasableAccompany":[]}},"Output":{"Pos1":{"Type":"Serial","DefaultName":"out","DefaultValue":"","MaxNumber":999,"ParameterType":"Default","UserName":"","Optional":false,"Increasable":false,"IncreasableAccompany":[]},"Pos2":{"Type":"None","DefaultName":"","DefaultValue":"","MaxNumber":999,"ParameterType":"","UserName":"","Optional":false,"Increasable":false,"IncreasableAccompany":[]},"Pos3":{"Type":"None","DefaultName":"","DefaultValue":"","MaxNumber":999,"ParameterType":"","UserName":"","Optional":false,"Increasable":false,"IncreasableAccompany":[]},"Pos4":{"Type":"None","DefaultName":"","DefaultValue":"","MaxNumber":999,"ParameterType":"","UserName":"","Optional":false,"Increasable":false,"IncreasableAccompany":[]},"Pos5":{"Type":"None","DefaultName":"","DefaultValue":"","MaxNumber":999,"ParameterType":"","UserName":"","Optional":false,"Increasable":false,"IncreasableAccompany":[]},"Pos6":{"Type":"None","DefaultName":"","DefaultValue":"","MaxNumber":999,"ParameterType":"","UserName":"","Optional":false,"Increasable":false,"IncreasableAccompany":[]},"Pos7":{"Type":"None","DefaultName":"","DefaultValue":"","MaxNumber":999,"ParameterType":"","UserName":"","Optional":false,"Increasable":false,"IncreasableAccompany":[]},"Pos8":{"Type":"None","DefaultName":"","DefaultValue":"","MaxNumber":999,"ParameterType":"","UserName":"","Optional":false,"Increasable":false,"IncreasableAccompany":[]},"Pos9":{"Type":"None","DefaultName":"","DefaultValue":"","MaxNumber":999,"ParameterType":"","UserName":"","Optional":false,"Increasable":false,"IncreasableAccompany":[]},"Pos10":{"Type":"None","DefaultName":"","DefaultValue":"","MaxNumber":999,"ParameterType":"","UserName":"","Optional":false,"Increasable":false,"IncreasableAccompany":[]},"Pos11":{"Type":"None","DefaultName":"","DefaultValue":"","MaxNumber":999,"ParameterType":"","UserName":"","Optional":false,"Increasable":false,"IncreasableAccompany":[]},"Pos12":{"Type":"None","DefaultName":"","DefaultValue":"","MaxNumber":999,"ParameterType":"","UserName":"","Optional":false,"Increasable":false,"IncreasableAccompany":[]},"Pos13":{"Type":"None","DefaultName":"","DefaultValue":"","MaxNumber":999,"ParameterType":"","UserName":"","Optional":false,"Increasable":false,"IncreasableAccompany":[]},"Pos14":{"Type":"None","DefaultName":"","DefaultValue":"","MaxNumber":999,"ParameterType":"","UserName":"","Optional":false,"Increasable":false,"IncreasableAccompany":[]},"Pos15":{"Type":"None","DefaultName":"","DefaultValue":"","MaxNumber":999,"ParameterType":"","UserName":"","Optional":false,"Increasable":false,"IncreasableAccompany":[]},"Pos16":{"Type":"None","DefaultName":"","DefaultValue":"","MaxNumber":999,"ParameterType":"","UserName":"","Optional":false,"Increasable":false,"IncreasableAccompany":[]},"Pos17":{"Type":"None","DefaultName":"","DefaultValue":"","MaxNumber":999,"ParameterType":"","UserName":"","Optional":false,"Increasable":false,"IncreasableAccompany":[]},"Pos18":{"Type":"None","DefaultName":"","DefaultValue":"","MaxNumber":999,"ParameterType":"","UserName":"","Optional":false,"Increasable":false,"IncreasableAccompany":[]},"Pos19":{"Type":"None","DefaultName":"","DefaultValue":"","MaxNumber":999,"ParameterType":"","UserName":"","Optional":false,"Increasable":false,"IncreasableAccompany":[]},"Pos20":{"Type":"None","DefaultName":"","DefaultValue":"","MaxNumber":999,"ParameterType":"","UserName":"","Optional":false,"Increasable":false,"IncreasableAccompany":[]},"Pos21":{"Type":"None","DefaultName":"","DefaultValue":"","MaxNumber":999,"ParameterType":"","UserName":"","Optional":false,"Increasable":false,"IncreasableAccompany":[]},"Pos22":{"Type":"None","DefaultName":"","DefaultValue":"","MaxNumber":999,"ParameterType":"","UserName":"","Optional":false,"Increasable":false,"IncreasableAccompany":[]},"Pos23":{"Type":"None","DefaultName":"","DefaultValue":"","MaxNumber":999,"ParameterType":"","UserName":"","Optional":false,"Increasable":false,"IncreasableAccompany":[]},"Pos24":{"Type":"None","DefaultName":"","DefaultValue":"","MaxNumber":999,"ParameterType":"","UserName":"","Optional":false,"Increasable":false,"IncreasableAccompany":[]},"Pos25":{"Type":"None","DefaultName":"","DefaultValue":"","MaxNumber":999,"ParameterType":"","UserName":"","Optional":false,"Increasable":false,"IncreasableAccompany":[]},"Pos26":{"Type":"None","DefaultName":"","DefaultValue":"","MaxNumber":999,"ParameterType":"","UserName":"","Optional":false,"Increasable":false,"IncreasableAccompany":[]},"Pos27":{"Type":"None","DefaultName":"","DefaultValue":"","MaxNumber":999,"ParameterType":"","UserName":"","Optional":false,"Increasable":false,"IncreasableAccompany":[]},"Pos28":{"Type":"None","DefaultName":"","DefaultValue":"","MaxNumber":999,"ParameterType":"","UserName":"","Optional":false,"Increasable":false,"IncreasableAccompany":[]}}}}