{"多对一硬编码输出_bf5bf572c524d42e":{"Class":"多对一硬编码输出_bf5bf572c524d42e","Name":"多对一硬编码输出","CONFIG":"","ModuleClassify":"Standard","ModuleType":"UserModule","ModuleHelp":"多对一硬编码输出","Retriggerable":false,"CheckCode":"bf5bf572c524d42e","Port":"","Type":"LOGIC","Interface":"none","Group":"","Input":{"Pos1":{"Type":"Digital","DefaultName":"in1","DefaultValue":"","MaxNumber":999,"ParameterType":"Default","UserName":"","Optional":false,"Increasable":true,"IncreasableAccompany":[]}},"StaticParameter":{"Pos1":{"Type":"None","DefaultName":"","UserName":"","DefaultValue":"","MaxNumber":999,"ParameterType":"","Optional":false,"Increasable":false,"IncreasableAccompany":[]}},"Output":{"Pos1":{"Type":"Serial","DefaultName":"out","DefaultValue":"","MaxNumber":999,"ParameterType":"Default","UserName":"","Optional":false,"Increasable":false,"IncreasableAccompany":[]}}}}