{"网络唤醒_58c77e790fb08063":{"Class":"网络唤醒_58c77e790fb08063","Name":"网络唤醒","CONFIG":"","ModuleClassify":"Standard","ModuleType":"UserModule","ModuleHelp":"填入要唤醒电脑等设备的mac地址，格式为AABBCCDDEEFF\n例：581CF87236ED\n注：Windows系统查看mac地址->win+r,输入cmd，回车->输入ipconfig/all\n回车->物理地址\n必须有线网络连接，并且bios中开启网络唤醒,网络适配器勾选网络唤醒包","Retriggerable":false,"CheckCode":"58c77e790fb08063","Port":"","Type":"LOGIC","Interface":"none","Group":"","Input":{"Pos1":{"Type":"Digital","DefaultName":"in","DefaultValue":"","MaxNumber":999,"ParameterType":"Default","UserName":"","Optional":false,"Increasable":false,"IncreasableAccompany":[]}},"StaticParameter":{"Pos1":{"Type":"Serial","DefaultName":"mac","UserName":"","DefaultValue":"","MaxNumber":999,"ParameterType":"Default","Optional":false,"Increasable":false,"IncreasableAccompany":[]}},"Output":{"Pos1":{"Type":"Serial","DefaultName":"out","DefaultValue":"","MaxNumber":999,"ParameterType":"Default","UserName":"","Optional":false,"Increasable":false,"IncreasableAccompany":[]}}}}