{"AtoSMS2000_dd7bc6fc59d19f45":{"Class":"AtoSMS2000_dd7bc6fc59d19f45","Name":"AtoSMS2000","CONFIG":"","ModuleClassify":"Standard","ModuleType":"UserModule","ModuleHelp":"模拟量转65535转0-1范围，控制服务器多窗口音频","Retriggerable":false,"CheckCode":"dd7bc6fc59d19f45","Port":"","Type":"LOGIC","Interface":"none","Group":"","Input":{"Pos1":{"Type":"Analog","DefaultName":"Ain","DefaultValue":"","MaxNumber":999,"ParameterType":"Bit16","UserName":"","Optional":false,"Increasable":false,"IncreasableAccompany":[]}},"StaticParameter":{"Pos1":{"Type":"None","DefaultName":"","UserName":"","DefaultValue":"","MaxNumber":999,"ParameterType":"","Optional":false,"Increasable":false,"IncreasableAccompany":[]}},"Output":{"Pos1":{"Type":"Serial","DefaultName":"Sout","DefaultValue":"","MaxNumber":999,"ParameterType":"Default","UserName":"","Optional":false,"Increasable":false,"IncreasableAccompany":[]}}}}