{"IAO_de3811a69f54b239":{"Class":"IAO_de3811a69f54b239","Name":"IAO","CONFIG":"","ModuleClassify":"Standard","ModuleType":"UserModule","ModuleHelp":"","Retriggerable":false,"CheckCode":"de3811a69f54b239","Port":"","Type":"LOGIC","Interface":"none","Group":"","Input":{"Pos1":{"Type":"Analog","DefaultName":"ain","DefaultValue":"","MaxNumber":1,"ParameterType":"Bit16","UserName":"","Optional":false,"Increasable":false,"IncreasableAccompany":[]}},"StaticParameter":{"Pos1":{"Type":"Serial","DefaultName":"sta","UserName":"","DefaultValue":"","MaxNumber":1,"ParameterType":"Default","Optional":false,"Increasable":false,"IncreasableAccompany":[]}},"Output":{"Pos1":{"Type":"Serial","DefaultName":"sout","DefaultValue":"","MaxNumber":1,"ParameterType":"Default","UserName":"","Optional":false,"Increasable":false,"IncreasableAccompany":[]}}}}