{"ParmSubtraction_c77cef780c7abae7":{"Class":"ParmSubtraction_c77cef780c7abae7","Name":"ParmSubtraction","CONFIG":"","ModuleClassify":"Standard","ModuleType":"UserModule","ModuleHelp":" 描述：\n 减法模块在每一个输入模拟量信号（inN）有刷新时、将（inN）的值减去对应参数（valueN）中的值并将计算结果转成字符串对应输出（outN）。\n 信号：\n ★ 多个模拟量输入:（in1）到（in999）\n ★ 多个串行量输出:（out1）到（out999）\n ★ 多个模拟量参数:（value1）到（value999）","Retriggerable":false,"CheckCode":"c77cef780c7abae7","Port":"","Type":"LOGIC","Interface":"none","Group":"","Input":{"Pos1":{"Type":"Analog","DefaultName":"in1","DefaultValue":"","MaxNumber":999,"ParameterType":"Bit16","UserName":"","Optional":false,"Increasable":true,"IncreasableAccompany":["OutSerial","StaticParameter"]}},"StaticParameter":{"Pos1":{"Type":"Analog","DefaultName":"value1","UserName":"","DefaultValue":"","MaxNumber":999,"ParameterType":"Bit16","Optional":false,"Increasable":true,"IncreasableAccompany":["InAnalog","OutSerial"]}},"Output":{"Pos1":{"Type":"Serial","DefaultName":"out1","DefaultValue":"","MaxNumber":999,"ParameterType":"Default","UserName":"","Optional":false,"Increasable":true,"IncreasableAccompany":["InAnalog","StaticParameter"]}}}}