{"音量百分比_fa29028c9a36be68":{"Class":"音量百分比_fa29028c9a36be68","Name":"音量百分比","CONFIG":"","ModuleClassify":"Standard","ModuleType":"UserModule","ModuleHelp":"输出百分比音量值，比如 音量100%；","Retriggerable":false,"CheckCode":"fa29028c9a36be68","Port":"","Type":"LOGIC","Interface":"none","Group":"","Input":{"Pos1":{"Type":"Analog","DefaultName":"Ain","DefaultValue":"","MaxNumber":999,"ParameterType":"Bit16","UserName":"","Optional":false,"Increasable":false,"IncreasableAccompany":[]}},"StaticParameter":{"Pos1":{"Type":"None","DefaultName":"","UserName":"","DefaultValue":"","MaxNumber":999,"ParameterType":"","Optional":false,"Increasable":false,"IncreasableAccompany":[]}},"Output":{"Pos1":{"Type":"Serial","DefaultName":"Sout","DefaultValue":"","MaxNumber":999,"ParameterType":"Default","UserName":"","Optional":false,"Increasable":false,"IncreasableAccompany":[]}}}}