{"X10H_6ec0fe4d91ad8295":{"Class":"X10H_6ec0fe4d91ad8295","Name":"X10H","CONFIG":"","ModuleClassify":"Standard","ModuleType":"UserModule","ModuleHelp":"RS232，波特率：115200\n信号切换部分: X10A,X20,X30,X40 切换画面一输入源","Retriggerable":false,"CheckCode":"6ec0fe4d91ad8295","Port":"","Type":"LOGIC","Interface":"none","Group":"","Input":{"Pos1":{"Type":"Digital","DefaultName":"[模版1]","DefaultValue":"","MaxNumber":999,"ParameterType":"Default","UserName":"","Optional":true,"Increasable":false,"IncreasableAccompany":[]},"Pos2":{"Type":"Digital","DefaultName":"[模版2]","DefaultValue":"","MaxNumber":999,"ParameterType":"Default","UserName":"","Optional":true,"Increasable":false,"IncreasableAccompany":[]},"Pos3":{"Type":"Digital","DefaultName":"[模版3]","DefaultValue":"","MaxNumber":999,"ParameterType":"Default","UserName":"","Optional":true,"Increasable":false,"IncreasableAccompany":[]},"Pos4":{"Type":"Digital","DefaultName":"[模版4]","DefaultValue":"","MaxNumber":999,"ParameterType":"Default","UserName":"","Optional":true,"Increasable":false,"IncreasableAccompany":[]},"Pos5":{"Type":"Digital","DefaultName":"[模版5]","DefaultValue":"","MaxNumber":999,"ParameterType":"Default","UserName":"","Optional":true,"Increasable":false,"IncreasableAccompany":[]},"Pos6":{"Type":"Digital","DefaultName":"[模版6]","DefaultValue":"","MaxNumber":999,"ParameterType":"Default","UserName":"","Optional":true,"Increasable":false,"IncreasableAccompany":[]},"Pos7":{"Type":"Digital","DefaultName":"[模版7]","DefaultValue":"","MaxNumber":999,"ParameterType":"Default","UserName":"","Optional":true,"Increasable":false,"IncreasableAccompany":[]},"Pos8":{"Type":"Digital","DefaultName":"[模版8]","DefaultValue":"","MaxNumber":999,"ParameterType":"Default","UserName":"","Optional":true,"Increasable":false,"IncreasableAccompany":[]},"Pos9":{"Type":"Digital","DefaultName":"[HDMI1]","DefaultValue":"","MaxNumber":999,"ParameterType":"Default","UserName":"","Optional":true,"Increasable":false,"IncreasableAccompany":[]},"Pos10":{"Type":"Digital","DefaultName":"[HDMI2]","DefaultValue":"","MaxNumber":999,"ParameterType":"Default","UserName":"","Optional":true,"Increasable":false,"IncreasableAccompany":[]},"Pos11":{"Type":"Digital","DefaultName":"[DVI]","DefaultValue":"","MaxNumber":999,"ParameterType":"Default","UserName":"","Optional":true,"Increasable":false,"IncreasableAccompany":[]},"Pos12":{"Type":"Digital","DefaultName":"[VGA]","DefaultValue":"","MaxNumber":999,"ParameterType":"Default","UserName":"","Optional":true,"Increasable":false,"IncreasableAccompany":[]},"Pos13":{"Type":"Digital","DefaultName":"[CVBS]","DefaultValue":"","MaxNumber":999,"ParameterType":"Default","UserName":"","Optional":true,"Increasable":false,"IncreasableAccompany":[]},"Pos14":{"Type":"Digital","DefaultName":"[USB]","DefaultValue":"","MaxNumber":999,"ParameterType":"Default","UserName":"","Optional":true,"Increasable":false,"IncreasableAccompany":[]},"Pos15":{"Type":"Digital","DefaultName":"[SDI]","DefaultValue":"","MaxNumber":999,"ParameterType":"Default","UserName":"","Optional":true,"Increasable":false,"IncreasableAccompany":[]}},"StaticParameter":{"Pos1":{"Type":"None","DefaultName":"","UserName":"","DefaultValue":"","MaxNumber":999,"ParameterType":"","Optional":false,"Increasable":false,"IncreasableAccompany":[]},"Pos2":{"Type":"None","DefaultName":"","UserName":"","DefaultValue":"","MaxNumber":999,"ParameterType":"","Optional":false,"Increasable":false,"IncreasableAccompany":[]},"Pos3":{"Type":"None","DefaultName":"","UserName":"","DefaultValue":"","MaxNumber":999,"ParameterType":"","Optional":false,"Increasable":false,"IncreasableAccompany":[]},"Pos4":{"Type":"None","DefaultName":"","UserName":"","DefaultValue":"","MaxNumber":999,"ParameterType":"","Optional":false,"Increasable":false,"IncreasableAccompany":[]},"Pos5":{"Type":"None","DefaultName":"","UserName":"","DefaultValue":"","MaxNumber":999,"ParameterType":"","Optional":false,"Increasable":false,"IncreasableAccompany":[]},"Pos6":{"Type":"None","DefaultName":"","UserName":"","DefaultValue":"","MaxNumber":999,"ParameterType":"","Optional":false,"Increasable":false,"IncreasableAccompany":[]},"Pos7":{"Type":"None","DefaultName":"","UserName":"","DefaultValue":"","MaxNumber":999,"ParameterType":"","Optional":false,"Increasable":false,"IncreasableAccompany":[]},"Pos8":{"Type":"None","DefaultName":"","UserName":"","DefaultValue":"","MaxNumber":999,"ParameterType":"","Optional":false,"Increasable":false,"IncreasableAccompany":[]},"Pos9":{"Type":"None","DefaultName":"","UserName":"","DefaultValue":"","MaxNumber":999,"ParameterType":"","Optional":false,"Increasable":false,"IncreasableAccompany":[]},"Pos10":{"Type":"None","DefaultName":"","UserName":"","DefaultValue":"","MaxNumber":999,"ParameterType":"","Optional":false,"Increasable":false,"IncreasableAccompany":[]},"Pos11":{"Type":"None","DefaultName":"","UserName":"","DefaultValue":"","MaxNumber":999,"ParameterType":"","Optional":false,"Increasable":false,"IncreasableAccompany":[]},"Pos12":{"Type":"None","DefaultName":"","UserName":"","DefaultValue":"","MaxNumber":999,"ParameterType":"","Optional":false,"Increasable":false,"IncreasableAccompany":[]},"Pos13":{"Type":"None","DefaultName":"","UserName":"","DefaultValue":"","MaxNumber":999,"ParameterType":"","Optional":false,"Increasable":false,"IncreasableAccompany":[]},"Pos14":{"Type":"None","DefaultName":"","UserName":"","DefaultValue":"","MaxNumber":999,"ParameterType":"","Optional":false,"Increasable":false,"IncreasableAccompany":[]},"Pos15":{"Type":"None","DefaultName":"","UserName":"","DefaultValue":"","MaxNumber":999,"ParameterType":"","Optional":false,"Increasable":false,"IncreasableAccompany":[]}},"Output":{"Pos1":{"Type":"Serial","DefaultName":"out","DefaultValue":"","MaxNumber":999,"ParameterType":"Default","UserName":"","Optional":false,"Increasable":false,"IncreasableAccompany":[]},"Pos2":{"Type":"None","DefaultName":"","DefaultValue":"","MaxNumber":999,"ParameterType":"","UserName":"","Optional":false,"Increasable":false,"IncreasableAccompany":[]},"Pos3":{"Type":"None","DefaultName":"","DefaultValue":"","MaxNumber":999,"ParameterType":"","UserName":"","Optional":false,"Increasable":false,"IncreasableAccompany":[]},"Pos4":{"Type":"None","DefaultName":"","DefaultValue":"","MaxNumber":999,"ParameterType":"","UserName":"","Optional":false,"Increasable":false,"IncreasableAccompany":[]},"Pos5":{"Type":"None","DefaultName":"","DefaultValue":"","MaxNumber":999,"ParameterType":"","UserName":"","Optional":false,"Increasable":false,"IncreasableAccompany":[]},"Pos6":{"Type":"None","DefaultName":"","DefaultValue":"","MaxNumber":999,"ParameterType":"","UserName":"","Optional":false,"Increasable":false,"IncreasableAccompany":[]},"Pos7":{"Type":"None","DefaultName":"","DefaultValue":"","MaxNumber":999,"ParameterType":"","UserName":"","Optional":false,"Increasable":false,"IncreasableAccompany":[]},"Pos8":{"Type":"None","DefaultName":"","DefaultValue":"","MaxNumber":999,"ParameterType":"","UserName":"","Optional":false,"Increasable":false,"IncreasableAccompany":[]},"Pos9":{"Type":"None","DefaultName":"","DefaultValue":"","MaxNumber":999,"ParameterType":"","UserName":"","Optional":false,"Increasable":false,"IncreasableAccompany":[]},"Pos10":{"Type":"None","DefaultName":"","DefaultValue":"","MaxNumber":999,"ParameterType":"","UserName":"","Optional":false,"Increasable":false,"IncreasableAccompany":[]},"Pos11":{"Type":"None","DefaultName":"","DefaultValue":"","MaxNumber":999,"ParameterType":"","UserName":"","Optional":false,"Increasable":false,"IncreasableAccompany":[]},"Pos12":{"Type":"None","DefaultName":"","DefaultValue":"","MaxNumber":999,"ParameterType":"","UserName":"","Optional":false,"Increasable":false,"IncreasableAccompany":[]},"Pos13":{"Type":"None","DefaultName":"","DefaultValue":"","MaxNumber":999,"ParameterType":"","UserName":"","Optional":false,"Increasable":false,"IncreasableAccompany":[]},"Pos14":{"Type":"None","DefaultName":"","DefaultValue":"","MaxNumber":999,"ParameterType":"","UserName":"","Optional":false,"Increasable":false,"IncreasableAccompany":[]},"Pos15":{"Type":"None","DefaultName":"","DefaultValue":"","MaxNumber":999,"ParameterType":"","UserName":"","Optional":false,"Increasable":false,"IncreasableAccompany":[]}}}}