{"s1_955c1044620bcb01":{"Class":"s1_955c1044620bcb01","Name":"s1","CONFIG":"","ModuleClassify":"Standard","ModuleType":"UserModule","ModuleHelp":"","Retriggerable":false,"CheckCode":"955c1044620bcb01","Port":"","Type":"LOGIC","Interface":"none","Group":"","Input":{"Pos1":{"Type":"Digital","DefaultName":"trig1","DefaultValue":"","MaxNumber":999,"ParameterType":"Default","UserName":"","Optional":false,"Increasable":false,"IncreasableAccompany":[]}},"StaticParameter":{"Pos1":{"Type":"Serial","DefaultName":"p","UserName":"","DefaultValue":"","MaxNumber":999,"ParameterType":"Default","Optional":false,"Increasable":false,"IncreasableAccompany":[]}},"Output":{"Pos1":{"Type":"Serial","DefaultName":"out","DefaultValue":"","MaxNumber":999,"ParameterType":"Default","UserName":"","Optional":false,"Increasable":false,"IncreasableAccompany":[]}}}}